{
    "roll": -6.193692732584541,
    "pitch": -16.48629569032256,
    "yaw": 153.3551178680405
}