{
    "roll": -6.194829635759197,
    "pitch": -16.688904436493218,
    "yaw": 151.91782294759287,
    "fall_detected": true
}