{
    "roll": -6.177668924474066,
    "pitch": -15.83179288639408,
    "yaw": 153.34424492986747
}