{
    "roll": -7.24275124660032,
    "pitch": -37.10819274238796,
    "yaw": NaN,
    "fall_detected": true
}