{
    "roll": -25.317714322129603,
    "pitch": -7.321036118077678,
    "yaw": 49.03115866294042
}